{"mean_reward": 256.5, "std_reward": 44.612218057388716, "is_deterministic": false, "n_eval_episodes": 10, "eval_datetime": "2026-01-23T06:46:45.791232"}